doc,shootingID,outlet,,
4912,1,foxnews,10/3/18,"Masked gunman targeting victims in Chicago neighborhood, 2 men killed over 2 days, police say"
4933,2,foxnews,10/3/18,"Philadelphia shooting outside dollar store leaves 5 injured, 1 critical: report"
5120,2,foxnews,10/3/18,"Philadelphia shooting outside dollar store leaves 1 dead, 4 injured: report"
265,3,breitbart,10/3/18,"1 Officer Dead, 4 Wounded in Florence, South Carolina Shooting | Breitbart"
5135,3,foxnews,10/3/18,"South Carolina shooting injures 3 deputies, 2 officers, reports say"
5136,3,foxnews,10/3/18,"South Carolina shooting leaves 1 officer dead, 6 others wounded: police"
12827,3,nytimes,10/3/18,"7 Law Enforcement Officers Shot, One Fatally, in South Carolina, Official Says"
5028,3,foxnews,10/4/18,"Disbarred lawyer, 74, suspected of gunning down South Carolina cop: police"
5134,3,foxnews,10/4/18,"Slain South Carolina cop, called 'bravest police officer,' just marked 30 years of service"
13537,3,nytimes,10/16/18,"South Carolina Man Who Ambushed Officers Had 129 Guns at His Home, Sheriff Says"
6726,3,foxnews,10/23/18,Second police officer dies after South Carolina ambush attack
14439,3,nytimes,10/24/18,"South Carolina Police Officer, Ambushed by Gunman With 129 Firearms, Dies 3 Weeks After Attack"
7302,3,foxnews,10/28/18,South Carolina mass shooting: Slain deputy mourned
5843,17,foxnews,10/17/18,"Condition of wounded Tennessee sheriff's deputy improves, suspect killed in shooting"
5962,17,foxnews,10/17/18,"Tennessee sheriff deputy in critical condition, suspect killed in shooting"
5989,17,foxnews,10/17/18,Victims ID‚Äôd in apparent Tennessee murder-suicide; family lived in ‚Äòloving home‚Äô
6136,17,foxnews,10/18/18,Tennessee children killed in apparent murder-suicide asked to live with mom: report
6568,20,foxnews,10/21/18,"Jacksonville shooting near Jaguars game wounds 6, 3 critically, police say"
6597,20,foxnews,10/21/18,"Official: 6 shot near Florida stadium, possibly gang-linked"
6666,21,foxnews,10/22/18,"Chicago funeral shooting leaves 6 wounded, report says"
7357,21,foxnews,10/29/18,"Chicago's bloody weekend sees 5 shot dead, 38 wounded"
6517,22,foxnews,10/22/18,"3 dead, 7 wounded on Sunday in Chicago, capping off bloody weekend"
6936,22,foxnews,10/25/18,Five men shot in attack near Chicago rail station: report
1595,25,breitbart,10/27/18,At Least Seven Dead in Saturday Morning Attack on Pittsburgh Synagogue
1669,25,breitbart,10/27/18,Donald Trump Condems Anti-Semitism After Pittsburgh Synagogue Shooting
1670,25,breitbart,10/27/18,Eric Trump on Pittsburgh Shooter: 'He Should Get The Death Penalty'
1679,25,breitbart,10/27/18,Gab Addresses Social Media Posts Likely by Synagogue Killer | Breitbart
1681,25,breitbart,10/27/18,Israeli Diaspora Affairs Minister Naftali Bennett to Visit Pittsburgh in Wake of Synagogue Massacre | Breitbart
1703,25,breitbart,10/27/18,Report: Synagogue Shooting Suspect Has 'License to Carry a Firearm'
1707,25,breitbart,10/27/18,Shannon Watts Calls for More Gun Laws Before Synagogue Shooting Facts Known
1711,25,breitbart,10/27/18,"Trump: If There Was 'Protection' in Synagogue, 'Results Would Have Been Far Better' | Breitbart"
7197,25,foxnews,10/27/18,Multiple casualties after shooting near Pittsburgh synagogue
7207,25,foxnews,10/27/18,Pittsburgh police confirms 'active shooter' at synagogue; multiple victims reported
7220,25,foxnews,10/27/18,The Latest: Shocked reactions to deadly synagogue shooting
7225,25,foxnews,10/27/18,"Trump calls for death penalty, protection inside synagogue after shooting"
7261,25,foxnews,10/27/18,"Pittsburgh synagogue massacre leaves 11 dead, 6 wounded"
7268,25,foxnews,10/27/18,Israeli UN Ambassador: Pittsburgh synagogue attack shows we must act to prevent future atrocities
7282,25,foxnews,10/27/18,"Pittsburgh synagogue massacre provokes outrage, anger and calls to action"
7287,25,foxnews,10/27/18,Pittsburgh synagogue shooting shows the horror of anti-Semitism
7289,25,foxnews,10/27/18,Police boost patrols at synagogues after Pittsburgh shooting
7293,25,foxnews,10/27/18,"Religious leaders, others express horror at synagogue attack"
7305,25,foxnews,10/27/18,Synagogue shooting shows Americans of all faiths and political persuasions must unite against hate
7310,25,foxnews,10/27/18,The Latest: Hospital chaplain among synagogue victims
7320,25,foxnews,10/27/18,"Trump calls for death penalty after synagogue shooting; leaders react to tragedy with sorrow, anger and frustration"
7322,25,foxnews,10/27/18,Trump calls synagogue shooting a wicked and anti-Semitic act of 'pure evil'
7323,25,foxnews,10/27/18,"Trump holds Illinois rally on heels of Pittsburgh synagogue shooting, condemns anti-Semitism as 'assault on humanity'"
7326,25,foxnews,10/27/18,Website alternative to Twitter cooperating with probe into synagogue shooting suspect
14561,25,nytimes,10/27/18,"Pittsburgh Synagogue Shooting Leaves √¢¬Ä¬òSeveral√¢¬Ä¬ô Dead, Official Says"
14629,25,nytimes,10/27/18,"Gun Laws Had √¢¬Ä¬òLittle to Do√¢¬Ä¬ô With Pittsburgh Synagogue Shooting, Trump Says"
14670,25,nytimes,10/27/18,Shootings at Houses of Worship: Pittsburgh Synagogue Attack Was Among the Deadliest
14683,25,nytimes,10/27/18,"Who Is Robert Bowers, the Suspect in the Pittsburgh Synagogue Shooting?"
14871,25,nytimes,10/27/18,"Trump Calls for Unity After Synagogue Shooting, Then Swiftly Denounces Democrats"
18313,25,thinkprogress,10/27/18,‚ÄòMultiple casualties‚Äô reported following shooting at Pittsburgh synagogue
18315,25,thinkprogress,10/27/18,Trump responds to synagogue shooting by saying it should have had armed security
1680,25,breitbart,10/28/18,Hollywood Blames Trump and His Supporters for Synagogue Shooting: 'This sh*t Is On YOU. IT‚ÄôS YOUR FAULT'
1696,25,breitbart,10/28/18,"Pittsburgh Mayor: Answer Is Not Having Synagogues, Church, Schools 'Filled with Armed Guards' | Breitbart"
1706,25,breitbart,10/28/18,"Schiff on Pittsburgh Shooting: Trump Set a Tone of 'Hatred,' 'Incitement of Violence' | Breitbart"
1730,25,breitbart,10/28/18,CA Democrats Push Gun Control After Pittsburgh Synagogue Shooting
1766,25,breitbart,10/28/18,Law Enforcement: Synagogue Attacker 'Legally Owned His Guns'
1787,25,breitbart,10/28/18,Mayor: Armed Security Not Answer to Synagogue Attack
7245,25,foxnews,10/28/18,"Armed guards in synagogues, mosques and churches are not the answer, Pittsburgh mayor says"
7259,25,foxnews,10/28/18,"GOP, Dem campaign chairs call for unity as Americans tire of political divide following Pittsburgh shooting, mail bombs"
7281,25,foxnews,10/28/18,"Pittsburgh shooting was 'a pure act of evil,' DHS Secretary Nielsen says"
7283,25,foxnews,10/28/18,"Pittsburgh synagogue massacre suspect told officers 'I just want to kill Jews,' affidavit says"
7284,25,foxnews,10/28/18,"Pittsburgh synagogue shooting: I prayed at the Tree of Life Synagogue, now turned into a scene of death"
7285,25,foxnews,10/28/18,Pittsburgh synagogue shooting is rooted in hatred of those who are different
7286,25,foxnews,10/28/18,Pittsburgh synagogue shooting shows anti-Semitism in America must not be ignored
7288,25,foxnews,10/28/18,"Pittsburgh synagogue shooting victims identified as brothers, husband and wife killed in 'unspeakable and hateful crime'"
7290,25,foxnews,10/28/18,Police: Synagogue gunman said he wanted all Jews to die
7291,25,foxnews,10/28/18,Police: Synagogue gunman said 'I just want to kill Jews'
7308,25,foxnews,10/28/18,The Latest: Brothers slain at synagogue called 'caring men'
7311,25,foxnews,10/28/18,"The Latest: Married couple, brothers among synagogue victims"
7315,25,foxnews,10/28/18,The Latest: Synagogue victim 'trusted confidant and healer'
7321,25,foxnews,10/28/18,Trump calls Pittsburgh synagogue attack 'evil' anti-Semitism
7325,25,foxnews,10/28/18,"Trump's rhetoric not cause of Pittsburgh shooting, but needs message needs to be 'more clear,' Lankford says"
7332,25,foxnews,10/28/18,Who is Robert Bowers? Pittsburgh synagogue suspect posted views online
7337,25,foxnews,10/28/18,Pittsburgh man explains how synagogue massacre spurred him to create uplifting design based on Steelers logo
7381,25,foxnews,10/28/18,"Hours after synagogue shooting, Pittsburgh begins healing process through sports"
7385,25,foxnews,10/28/18,I'm barely breathing': Synagogue survivor recounts terror
7386,25,foxnews,10/28/18,I'm barely breathing': Synagogue survivor recounts terror
7425,25,foxnews,10/28/18,Pittsburgh synagogue massacre suspect Bowers described as bland by unsuspecting neighbors
7426,25,foxnews,10/28/18,"Pittsburgh synagogue massacre suspect told officers 'I just want to kill Jews,' affidavit says"
7436,25,foxnews,10/28/18,"Pittsburgh residents mourning after mass shooting, sound off on gun control"
7456,25,foxnews,10/28/18,Synagogue attack shatters safety of longtime Jewish enclave
7526,25,foxnews,10/28/18,Correction: Shooting-Synagogue-The Latest story
14651,25,nytimes,10/28/18,"On Gab, an Extremist-Friendly Site, Pittsburgh Shooting Suspect Aired His Hatred in Full"
14674,25,nytimes,10/28/18,"Pittsburgh, Migrant Caravan, Yemen: Your Weekend Briefing"
14675,25,nytimes,10/28/18,Pittsburgh Synagogue Massacre Suspect Was the Bland Man from Apartment 1
14678,25,nytimes,10/28/18,Tree of Life Synagogue Victims Remembered as Guardians of Their Faith
14680,25,nytimes,10/28/18,Victims of Synagogue Shooting Identified in What Mayor Calls the √¢¬Ä¬òDarkest Day of Pittsburgh√¢¬Ä¬ôs History√¢¬Ä¬ô
14689,25,nytimes,10/28/18,"Tragedy in Pittsburgh, House and Senate Latest, Beto Backer: 9 Days to Go"
14756,25,nytimes,10/28/18,"On Gab, an Extremist-Friendly Site, Pittsburgh Shooting Suspect Aired His Hatred in Full"
14829,25,nytimes,10/28/18,Pittsburgh Synagogue Massacre Suspect Was √¢¬Ä¬òPretty Much a Ghost√¢¬Ä¬ô
14832,25,nytimes,10/28/18,Tree of Life Synagogue Victims Remembered as Guardians of Their Faith
14834,25,nytimes,10/28/18,Quiet Day at a Pittsburgh Synagogue Became a Battle to Survive
18317,25,thinkprogress,10/28/18,"11 victims of Pittsburgh shooting identified, gunman to face 29 separate federal charges"
1726,25,breitbart,10/29/18,"Bill Kristol: Trump, Fox News Rhetoric Against the Caravan ‚ÄòProvoked‚Äô Synagogue Shooter | Breitbart"
1784,25,breitbart,10/29/18,"Pictures: Jerusalem‚Äôs Old City Walls Read: ‚ÄòWe Are With You, Pittsburgh‚Äô"
1785,25,breitbart,10/29/18,"Vigils Held in Jerusalem, Tel Aviv to Mourn Pittsburgh Synagogue Massacre"
1796,25,breitbart,10/29/18,Pollak: Media Hype Phony 'Jewish Leaders' to Disinvite Trump from Pittsburgh | Breitbart
1807,25,breitbart,10/29/18,"Tree of Life Rabbi to CNN: Trump 'Always Welcome' at Our Synagogue, 'He Is My President' | Breitbart"
1840,25,breitbart,10/29/18,"Donald, Melania Trump Traveling to Pittsburgh After Synagogue Shooting"
7375,25,foxnews,10/29/18,"FIRST: Neighbors saw no warning signs in synagogue shooting suspect; Trump, Steyer in war of words"
7388,25,foxnews,10/29/18,"Israeli PM, chief rabbi at odds over Pittsburgh synagogue"
7406,25,foxnews,10/29/18,"Loved ones, friends remember synagogue shooting victims"
7424,25,foxnews,10/29/18,"Pittsburgh Steelers help heal, pay tribute after synagogue shooting"
7437,25,foxnews,10/29/18,"Robert Bowers, suspect in Pittsburgh synagogue shooting, has first federal court appearance"
7438,25,foxnews,10/29/18,"Robert Bowers, suspect in Pittsburgh synagogue shooting, to appear in federal court"
7451,25,foxnews,10/29/18,Student helps raise $540K for synagogue shooting victims
7457,25,foxnews,10/29/18,Synagogue suspect at courthouse; survivors recall ordeal
7458,25,foxnews,10/29/18,Synagogue suspect leaves hospital; survivors recall ordeal
7466,25,foxnews,10/29/18,The Latest: Jewish staffers treated accused synagogue gunman
7468,25,foxnews,10/29/18,The Latest: President Donald Trump will visit Pittsburgh
7469,25,foxnews,10/29/18,The Latest: Synagogue shooting suspect leaves hospital
7471,25,foxnews,10/29/18,The Latest: Synagogue shooting suspect arrives at courthouse
7473,25,foxnews,10/29/18,"Trump, first lady to visit Pittsburgh Tuesday following synagogue shooting"
7527,25,foxnews,10/29/18,Correction: Shooting-Synagogue-Victims story
7628,25,foxnews,10/29/18,"Synagogue shooting victims: 'Gentle, caring, compassionate'"
14811,25,nytimes,10/29/18,Muslim Groups Raise Thousands for Pittsburgh Synagogue Shooting Victims
14826,25,nytimes,10/29/18,"Pittsburgh, Lion Air, Boston Red Sox: Your Monday Briefing"
14827,25,nytimes,10/29/18,"Pittsburgh Shooting, Brazil, Germany: Your Monday Briefing"
14828,25,nytimes,10/29/18,On Politics: The √¢¬Ä¬òDarkest Day of Pittsburgh√¢¬Ä¬ôs History√¢¬Ä¬ô
14909,25,nytimes,10/29/18,Family Doctor Killed in Pittsburgh Shooting √¢¬Ä¬òHeld a Lamp Up That Lit the Way√¢¬Ä¬ô
14947,25,nytimes,10/29/18,Pittsburgh Killing Aftermath Bares Jewish Rifts in Israel and America
14950,25,nytimes,10/29/18,Pittsburgh Synagogue√¢¬Ä¬ôs Rabbi Speaks of Horror and Healing
14951,25,nytimes,10/29/18,"Reeling From Tragedy, Many in Pittsburgh Say Trump Should Not Visit"
18326,25,thinkprogress,10/29/18,Trump resumes tweeting about caravan conspiracy theories that apparently inspired Pittsburgh shooter
18354,25,thinkprogress,10/29/18,Pence event features former Jews for Jesus ‚Äòrabbi‚Äô praying for Pittsburgh victims and GOP candidates
1886,25,breitbart,10/30/18,Pittsburgh Mayor Bill Peduto Refuses to Meet President Trump During Visit
1895,25,breitbart,10/30/18,Stelter: I Hope Fox News Personalities 'Take a Minute' to 'Think About Their Role' in Synagogue Shooting | Breitbart
1995,25,breitbart,10/30/18,Pittsburgh Rabbi Receives Hate Mail for Welcoming President Trump
7524,25,foxnews,10/30/18,"Colbert speaks out against 'sickening' hate after Pittsburgh shooting, slams Trump's response"
7543,25,foxnews,10/30/18,"FIRST: Trump rejects left's blame game in synagogue massacre, bomb mailings; Mueller probe at key phase"
7561,25,foxnews,10/30/18,I'm going to die:' Survivors relive horrors at Tree of Life
7610,25,foxnews,10/30/18,"Pittsburgh leaders, residents split over President Trump‚Äôs trip to synagogue shooting site"
7611,25,foxnews,10/30/18,Pittsburgh rabbi receives hate mail for saying Trump would be welcome: 'We need to be better than this'
7615,25,foxnews,10/30/18,Rampage victims' funerals begin as Trump heads to Pittsburgh
7617,25,foxnews,10/30/18,Reporter's Notebook: Protests greet Trump in Pittsburgh after synagogue massacre
7627,25,foxnews,10/30/18,Synagogue shooter was obsessed with Jewish refugee agency
7632,25,foxnews,10/30/18,The Latest: Activists protest Trump synagogue visit
7636,25,foxnews,10/30/18,The Latest: Governor and Pittsburgh mayor won't join Trump
7651,25,foxnews,10/30/18,Trump visits Pittsburgh synagogue to pay respects to victims of massacre
7802,25,foxnews,10/30/18,Officers hurt in Pittsburgh synagogue attack identified
7814,25,foxnews,10/30/18,Pittsburgh begins burying its dead as Trump faces protesters
7864,25,foxnews,10/30/18,The Latest: Sanders: Trump's visit to synagogue 'humbling'
7882,25,foxnews,10/30/18,Trump's visit to Pittsburgh's Tree of Life Synagogue shows he is dedicated to fighting anti-Semitism
14917,25,nytimes,10/30/18,"President Trump Prepares to Visit Pittsburgh, as Some Urge Him to Stay Away"
14945,25,nytimes,10/30/18,On Politics: Pittsburgh Massacre Happened Amid Rise in Anti-Semitism
14946,25,nytimes,10/30/18,"At a Pittsburgh Crime Scene, Jewish Volunteers Guard the √¢¬Ä¬òBodies of Holy Martyrs√¢¬Ä¬ô"
14948,25,nytimes,10/30/18,"Pittsburgh, Lion Air, Milky Way: Your Tuesday Briefing"
14967,25,nytimes,10/30/18,"Synagogue Shooting, India, South Korea: Your Wednesday Briefing"
14980,25,nytimes,10/30/18,"Accused Synagogue Killer√¢¬Ä¬ôs Guns All Purchased Legally, Inquiry Finds"
15012,25,nytimes,10/30/18,FedEx Ends Deal for N.R.A. but Says It√¢¬Ä¬ôs Not Because of Pittsburgh Shooting
15029,25,nytimes,10/30/18,"Amid Scrutiny, Ivanka Trump and Jared Kushner Shaped Trump√¢¬Ä¬ôs Pittsburgh Response"
15060,25,nytimes,10/30/18,"Pittsburgh, Midterms, Whitey Bulger: Your Tuesday Evening Briefing"
15062,25,nytimes,10/30/18,"After Pittsburgh Shooting, Rabbis Talk to Children About Responding to Hate"
18350,25,thinkprogress,10/30/18,Fox News keeps pushing conspiracy theory that motivated Pittsburgh synagogue shooter
18351,25,thinkprogress,10/30/18,"After synagogue massacre, Republicans aren‚Äôt tamping down their anti-Semitism"
18363,25,thinkprogress,10/30/18,Trump visits Pittsburgh after being asked not to by everyone
1935,25,breitbart,10/31/18,CNN's Camerota: Trump 'Using Some of the Same Language' as Pittsburgh Synagogue Shooter | Breitbart
1967,25,breitbart,10/31/18,Naftali Bennet: ‚ÄòUnfair and Wrong‚Äô to Attack Trump over Pittsburgh Shooting
2001,25,breitbart,10/31/18,Report: University of Michigan Hosts ‚ÄòPro-BDS‚Äô Event Despite Pittsburgh Synagogue Massacre
2067,25,breitbart,10/31/18,Jewish Americans Flock to Firearms Training in Wake of Synagogue Attack
2118,25,breitbart,10/31/18,Trump: Far-Left Media Used Synagogue Attack to Sow Anger and Division
7760,25,foxnews,10/31/18,Israel defends Trump amid synagogue shooting criticism
7795,25,foxnews,10/31/18,Mourning and protests as Pittsburgh begins victims' burials
7796,25,foxnews,10/31/18,Muslim-led groups raise enough money to cover funeral expenses for synagogue victims
7815,25,foxnews,10/31/18,Pittsburgh funerals continue after Trump visit and protests
7816,25,foxnews,10/31/18,Pittsburgh synagogue suspect transferred to prison in another county; officials there 'not happy' with decision
7817,25,foxnews,10/31/18,Pittsburgh synagogue suspect's transfer to their prison angers local officials
7856,25,foxnews,10/31/18,Synagogue rampage suspect indicted on 2nd day of funerals
7866,25,foxnews,10/31/18,The Latest: Synagogue suspect indicted on 44 counts
7870,25,foxnews,10/31/18,This Is Us' mourns Pittsburgh synagogue shooting victims in powerful message
7907,25,foxnews,10/31/18,"As Jews murdered in the Pittsburgh synagogue massacre are buried, the Jewish mourning period begins"
15059,25,nytimes,10/31/18,"Back-to-Back Funerals. Mourners 50 Deep. Pittsburgh Grieves, 11 Times Over."
15061,25,nytimes,10/31/18,"Pittsburgh, Venice, Whitey Bulger: Your Wednesday Briefing"
15196,25,nytimes,10/31/18,Robert Bowers Indicted on 44 Counts After Synagogue Shooting in Pittsburgh
18376,25,thinkprogress,10/31/18,Trump keeps pushing ‚Äòinvasion‚Äô narrative that motivated Pittsburgh gunman to kill 11 people
19950,25,wallstreetjournal,10/31/18,Israeli Minister Calls It Unfair to Link Trump with Synagogue Shooting
2116,25,breitbart,11/1/18,Tree of Life Rabbi Jeffrey Myers on Trump Visit: 'Pleasantly Surprised by a Warm and Personal Side' That America Has Never Seen | Breitbart
8043,25,foxnews,11/1/18,Pittsburgh synagogue suspect pleads not guilty
8050,25,foxnews,11/1/18,Rabbis gather up traces of Pittsburgh victims for burial
8082,25,foxnews,11/1/18,Synagogue suspect pleads not guilty as funerals continue
8083,25,foxnews,11/1/18,Synagogue suspect pleads not guilty as more funerals planned
15175,25,nytimes,11/1/18,Pittsburgh Shooting Suspect Pleads Not Guilty in Synagogue Rampage
15176,25,nytimes,11/1/18,Tablet Magazine Heads to Pittsburgh With a Sense of Purpose
15202,25,nytimes,11/1/18,"Trump Finds Support After the Pittsburgh Massacre, From the Israeli Government"
8254,25,foxnews,11/2/18,"Pittsburgh rabbi surprised by ‚Äòwarm, personal side‚Äô of Trump after meeting"
15307,25,nytimes,11/2/18,"On the First Shabbat After Pittsburgh Attack, √¢¬Ä¬òEveryone Is Going to Come to Shul√¢¬Ä¬ô"
18414,25,thinkprogress,11/2/18,These prominent white supremacists interacted with the Pittsburgh shooting suspect on social media
15382,25,nytimes,11/3/18,√¢¬Ä¬òNot Again√¢¬Ä¬ô: Tragedies Unite Charleston Pastor and Pittsburgh Rabbi
8485,25,foxnews,11/4/18,Synagogue attack a reminder of how common hate crimes are
2448,25,breitbart,11/5/18,Steelers Quarterback Wore Star of David Cleats for Pittsburgh Victims
8726,25,foxnews,11/6/18,"Jon Stewart talks gun control, says America‚Äôs ‚Äònot going to f---ing do anything‚Äô after synagogue shooting"
9367,25,foxnews,11/8/18,Worldwide moment of silence requested for synagogue victims
10034,25,foxnews,11/14/18,Man tied to synagogue shooting suspect arrested
10616,25,foxnews,11/17/18,After Pittsburgh synagogue shooting we must reject religious hatred and love one another
7353,27,foxnews,10/29/18,"The Purge' Halloween party at California nightclub ends in gunfire, several wounded, police say"
2237,33,breitbart,11/2/18,At Least Four Wounded After Man Opens Fire in Hot Yoga Class
8342,33,foxnews,11/2/18,"Florida yoga studio shooting leaves 3 dead, including suspect: reports"
15388,33,nytimes,11/2/18,"Man Shoots 6 at Florida Yoga Studio, Killing 2 and Then Himself"
8341,33,foxnews,11/3/18,"Florida yoga studio shooter had previous arrests for grabbing women, records show"
8398,33,foxnews,11/3/18,The Latest: College student from Atlanta died in yoga attack
8491,33,foxnews,11/3/18,"The Latest: Yoga shooter posted racist, misogynistic videos"
8503,33,foxnews,11/3/18,Yoga shooter appeared to have made misogynistic videos
8504,33,foxnews,11/3/18,"Yoga studio shooter posted racist, misogynistic videos"
15414,33,nytimes,11/3/18,"Gunman in Yoga Studio Shooting Had Faced Charges of Battery Against Women, Records Show"
8539,33,foxnews,11/5/18,Florida yoga student credited with saving lives during deadly shooting
2708,36,breitbart,11/8/18,Trump Praises Law Enforcement Bravery After California Bar Shooting
2749,36,breitbart,11/8/18,"Reports: David Ian Long, 29, Named as Thousand Oaks Shooter"
2751,36,breitbart,11/8/18,Ron Helus 'Ran In and Saved Lives' During Thousand Oaks Bar Shooting
2756,36,breitbart,11/8/18,Six Off-Duty Police Officers Were Inside Borderline Bar When Shooting Started | Breitbart
2759,36,breitbart,11/8/18,Thousand Oaks gunman used legally purchased handgun
2790,36,breitbart,11/8/18,"Democrat Eric Swalwell Blames Thousand Oaks Shooting on Arizona, Nevada"
2875,36,breitbart,11/8/18,Watch: Video of California Bar Allegedly Shows Ian David Long Open Fire
9019,36,foxnews,11/8/18,13 dead including gunman in shooting at California bar
9022,36,foxnews,11/8/18,Adam Housley's niece killed in California bar shooting
9030,36,foxnews,11/8/18,Authorities: Gunman wounds 11 people at California bar
9035,36,foxnews,11/8/18,"California bar gunman ID'd as Ian David Long, 28: Everything we know so far"
9036,36,foxnews,11/8/18,California bar patron saves dozens of people during deadly shooting
9037,36,foxnews,11/8/18,"California bar shooting victims include police officer, aspiring Army service member"
9076,36,foxnews,11/8/18,FIRST: Mass shooting at California bar; A look at Sessions' potential replacement as attorney general
9088,36,foxnews,11/8/18,Horrific scene': 13 dead including gunman at California bar
9106,36,foxnews,11/8/18,Marine combat veteran kills 12 in California bar shooting
9125,36,foxnews,11/8/18,Officer killed in California bar shooting described as hero
9191,36,foxnews,11/8/18,Witnesses describe chaotic scene during Thousand Oaks shooting
9217,36,foxnews,11/8/18,California bar shooting suspect‚Äôs ‚Äòdespicable actions‚Äô condemned by Marine Corps‚Äô top officer
9256,36,foxnews,11/8/18,Gutfeld on the shooting in Thousand Oaks
9285,36,foxnews,11/8/18,Marine combat veteran kills 12 in rampage at California bar
9288,36,foxnews,11/8/18,"Max Lucado: After the California bar shooting, our country is mourning ‚Äì we must love our neighbors more"
9327,36,foxnews,11/8/18,"Some survived shootings in Vegas, California bar - except 1"
15858,36,nytimes,11/8/18,"Google, Thousand Oaks, China: Your Friday Briefing"
15866,36,nytimes,11/8/18,Who Is the Suspect in the Thousand Oaks Shooting?
15919,36,nytimes,11/8/18,"Thousand Oaks, Jeff Sessions, Jim Acosta: Your Thursday Briefing"
15944,36,nytimes,11/8/18,Thousand Oaks and Our Peculiarly American Affliction
18499,36,thinkprogress,11/8/18,Borderline Bar attack is the worst mass shooting the country has seen in 12 days
2848,36,breitbart,11/9/18,Report: Thousand Oaks Killer Ian Long Mocked 'Hopes and Prayers' Before Massacre
2921,36,breitbart,11/9/18,Site of Thousand Oaks Mass Shooting a Gun-Free Zone
9207,36,foxnews,11/9/18,"Ashton Kutcher reveals Thousand Oaks bar hosted his birthday party, urges Ivanka Trump to promote gun reform"
9279,36,foxnews,11/9/18,Las Vegas massacre survivor dies in California bar shooting
9286,36,foxnews,11/9/18,"Marine veteran who killed 12 in California bar served in brutal Afghanistan province, may have had PTSD"
9353,36,foxnews,11/9/18,"California bar shooter posted to social media while inside Borderline Bar & Grill, cops say"
9375,36,foxnews,11/9/18,Ann Voskamp: California bar shooting victims who died while saving others show us the power of love
16023,36,nytimes,11/9/18,"Thousand Oaks, Armistice, Lion Air: Your Friday Briefing"
16024,36,nytimes,11/9/18,"Thousand Oaks, Midterm Elections, Electronic Cigarettes: Your Friday Briefing"
16025,36,nytimes,11/9/18,On Politics: Gunman Identified in Thousand Oaks Mass Shooting
16114,36,nytimes,11/9/18,"Wildfires, Thousand Oaks, Elections: Your Friday Evening Briefing"
18519,36,thinkprogress,11/9/18,These are the victims of the Borderline Bar shooting
9420,36,foxnews,11/10/18,High school coach says California bar gunman assaulted her 10 years ago: ‚ÄòHe attacked me‚Äô
9464,36,foxnews,11/10/18,Teen center that sheltered Thousand Oaks shooting victims now aiding Woolsey wildfire evacuees
9694,36,foxnews,11/11/18,Second former coach says California bar gunman was a ‚Äòticking time bomb‚Äô
16261,36,nytimes,11/13/18,Return to Campus for Students Who Survived Thousand Oaks Shooting
11733,36,foxnews,11/27/18,California bar shooter had enough ammo to kill many more
9655,38,foxnews,11/12/18,"Illinois officer responds to gunfire, fatally shoots guard"
9938,41,foxnews,11/13/18,"At least four dead after murder-suicide on Navajo land in New Mexico, officials say"
3630,47,breitbart,11/19/18,Police: Shots Fired Near Chicago's Mercy Hospital
3705,47,breitbart,11/19/18,Police: Chicago Hospital Gunman Identified as 32-Year-Old Juan Lopez
10714,47,foxnews,11/19/18,Chicago police officer in 'critical condition' after shooting at hospital: officials
10853,47,foxnews,11/19/18,Chicago hospital shooting claims 3 lives; gunman also dead
10856,47,foxnews,11/19/18,Chicago police officer in 'critical condition' after shooting at hospital: officials
10857,47,foxnews,11/19/18,Chicago police officer in 'critical condition' after shooting at hospital: officials
10894,47,foxnews,11/19/18,"Gunman opens fire at Chicago hospital, killing at least 3"
10895,47,foxnews,11/19/18,"Gunman opens fire at Chicago hospital, wounds at least 4"
10979,47,foxnews,11/19/18,"The Latest: Chicago hospital secured, safe after shooting"
3724,47,breitbart,11/20/18,Chicago Mercy Hospital is a state-mandated gun-free zone.
3760,47,breitbart,11/20/18,Chicago Mercy Hospital Gunman Legally Purchased Firearms
10842,47,foxnews,11/20/18,Argument at Chicago hospital erupts into deadly shooting
10852,47,foxnews,11/20/18,Chicago cop escaped injury during hospital shooting after bullet struck gun holster
10854,47,foxnews,11/20/18,"Chicago hospital shooting that left officer, doctor dead came after fight over ring, 'broken engagement': reports"
10855,47,foxnews,11/20/18,"Chicago hospital shooting victim was planning wedding in June, 'just wanted to help people,' father says"
10893,47,foxnews,11/20/18,Gunman in Chicago hospital shooting had prior complaint
10982,47,foxnews,11/20/18,The Latest: Gunman in hospital shooting had prior complaint
10983,47,foxnews,11/20/18,The Latest: Hospital says recent shooter drill saved lives
11017,47,foxnews,11/20/18,A look at 3 lives lost in Chicago hospital shooting
11105,47,foxnews,11/20/18,Man enters insanity plea in killing of mom at hospital
16964,47,nytimes,11/20/18,"In Chicago Hospital Shooting, Domestic Violence Flares Into Public View"
17092,47,nytimes,11/20/18,Doctor Killed in Chicago Was Committed to √¢¬Ä¬òServing the Underserved√¢¬Ä¬ô
11076,47,foxnews,11/21/18,Gunman who fatally shot 3 at hospital killed himself after shot by police: report
3681,49,breitbart,11/19/18,"Four Shot near Denver's Coors Field, Suspect at Large"
11565,53,foxnews,11/25/18,"Shooting outside Papa John's restaurant in Florida leaves 2 dead, 2 injured, police say"
3920,58,breitbart,11/23/18,"1 Dead, 2 Injured in Alabama Mall Shooting"
11328,58,foxnews,11/23/18,"Alabama mall shooting leaves 1 dead, 2 wounded"
11360,58,foxnews,11/23/18,"Gunman opens fire inside crowded Alabama mall, injures 2 before killed by police"
11379,58,foxnews,11/23/18,"Multiple injured in shooting at Alabama mall on Black Friday, suspect dead"
17210,58,nytimes,11/23/18,Police Kill Gunman Who Shot Man at Alabama Mall on Thanksgiving
3989,58,breitbart,11/24/18,Alabama Police: Mall Shooting Suspect Still at Large
11466,58,foxnews,11/24/18,"Man killed in Alabama mall shooting was ‚Äòlikely‚Äô not gunman, police say"
11507,58,foxnews,11/25/18,Black man's death: Questions remain in Alabama mall shooting
18731,58,thinkprogress,11/26/18,NRA quiet after police shoot ‚Äògood guy with a gun‚Äô in Alabama
11771,58,foxnews,11/27/18,"Alabama girl, 12, released from hospital after Thanksgiving night shooting"
4525,58,breitbart,11/29/18,U.S. Marshals Announce Arrest of Alabama Mall Shooting Suspect
12227,58,foxnews,11/29/18,"Suspected gunman in Thanksgiving Alabama mall shooting arrested, officials say"
3137,38,breitbart,11/12/18,"Police Allegedly Shoot, Kill Security Guard Who Stopped Bar Shooting"
9627,38,foxnews,11/12/18,Cop accidentally kills security guard at bar in Chicago suburbs: report
9821,38,foxnews,11/12/18,Lawsuit alleges security guard shot while holding suspect
16317,38,nytimes,11/12/18,"Police Officer Responding to Shooting Near Chicago Kills Security Guard, Authorities Say"
9772,38,foxnews,11/13/18,Death of black security guard brings call for investigation
9784,38,foxnews,11/13/18,"Family of black security guard fatally shot by Illinois police sues officer, department"
10058,38,foxnews,11/14/18,"Officer who shot Chicago security guard gave ‚Äòverbal commands‚Äô to drop gun, witnesses say"
16459,38,nytimes,11/14/18,Police Report in Killing of Black Security Guard Is Criticized as Rushed